<?xml version="1.0" encoding="UTF-8"?>
<!DOCTYPE suite SYSTEM "https://testng.org/testng-1.0.dtd">
<suite name="Suite">
  <test thread-count="5" name="Test">
    <classes>
		
      <class name="testPackage.ValidLoginTestCase"/>
      <class name="testPackage.InvalidLoginTestCase"/>
      <class name="testPackage.CreateNewCustomer"/>
      <class name="testPackage.CreateNewUser"/>
      <class name="testPackage.DeleteAll"/>
      
    </classes>
  </test> <!-- Test -->
</suite> <!-- Suite -->
