<?xml version="1.0" encoding="UTF-8"?>
<!DOCTYPE suite SYSTEM "https://testng.org/testng-1.0.dtd">
<suite name="Suite">
  <test thread-count="5" name="Test">
	  <groups>
		  <define name="Regression TC">
			  <include name="Functionality Testing"></include>
			  <include name="Integration Testing"></include>
			  <include name="Smoke Testing"></include>
		  </define>
		  <run>
			  <include name="Smoke Testing"></include>
			  <include name="Integration Testing"></include>

		  </run>
	  </groups>
    <classes>
      <class name="testNGAnnotationsAndFlags.GroupFlag"/>
    </classes>
  </test> <!-- Test -->
</suite> <!-- Suite -->
